,uuid,Name
0,b43df1d6-245e-11ee-a984-b05216279b15,Taylor Group
1,b43e1080-245e-11ee-a984-b05216279b15,"Smith, Riddle and Wall"
2,b43e2b74-245e-11ee-a984-b05216279b15,"Moreno, Hayes and Dougherty"
3,b43e42bc-245e-11ee-a984-b05216279b15,"Nelson, Gallegos and Turner"
4,b43e5bee-245e-11ee-a984-b05216279b15,"Patton, Bennett and Gregory"
5,b43e8100-245e-11ee-a984-b05216279b15,"Wong, Lawrence and Hanson"
6,b43e9ab4-245e-11ee-a984-b05216279b15,Simmons LLC
7,b43eb47c-245e-11ee-a984-b05216279b15,"Hoover, Hanson and Diaz"
8,b43ed006-245e-11ee-a984-b05216279b15,"Walker, Wright and Luna"
9,b43eeef6-245e-11ee-a984-b05216279b15,"Quinn, Williams and Kelley"
10,b43f08be-245e-11ee-a984-b05216279b15,Houston Ltd
11,b43f1fb6-245e-11ee-a984-b05216279b15,"Chapman, Smith and Cardenas"
12,b43f35b4-245e-11ee-a984-b05216279b15,"Zuniga, Perry and Jennings"
13,b43f4b3a-245e-11ee-a984-b05216279b15,"Walker, Saunders and Davis"
14,b43f612e-245e-11ee-a984-b05216279b15,Jones Inc
15,b43f760a-245e-11ee-a984-b05216279b15,Vaughn-Schroeder
16,b43f8f3c-245e-11ee-a984-b05216279b15,Ramirez Inc
17,b43fa9ea-245e-11ee-a984-b05216279b15,Riley and Sons
18,b43fc466-245e-11ee-a984-b05216279b15,"Schwartz, Shields and Gomez"
19,b440007a-245e-11ee-a984-b05216279b15,"Gay, Johnson and King"
20,b440228a-245e-11ee-a984-b05216279b15,"Colon, Simpson and Jackson"
21,b4403ec8-245e-11ee-a984-b05216279b15,"Griffin, Brown and Fowler"
22,b440585e-245e-11ee-a984-b05216279b15,Escobar Inc
23,b440715e-245e-11ee-a984-b05216279b15,"Petty, Lang and Bell"
24,b4408b44-245e-11ee-a984-b05216279b15,King-Schmidt
25,b440a606-245e-11ee-a984-b05216279b15,"Reid, Williams and Lester"
26,b440bf7e-245e-11ee-a984-b05216279b15,Rubio Inc
27,b440d7fc-245e-11ee-a984-b05216279b15,Deleon PLC
28,b440ed82-245e-11ee-a984-b05216279b15,Butler-Johnston
29,b4410416-245e-11ee-a984-b05216279b15,"Harris, Garcia and Osborn"
30,b4411b68-245e-11ee-a984-b05216279b15,"Brown, Frazier and Alvarez"
31,b441371a-245e-11ee-a984-b05216279b15,Sawyer-Logan
32,b44150f6-245e-11ee-a984-b05216279b15,Turner Inc
33,b441732e-245e-11ee-a984-b05216279b15,Gould-Jones
34,b4418e40-245e-11ee-a984-b05216279b15,Moody Ltd
35,b441a858-245e-11ee-a984-b05216279b15,"Stevens, Washington and Johnson"
36,b441c108-245e-11ee-a984-b05216279b15,Webb LLC
37,b441da8a-245e-11ee-a984-b05216279b15,Conrad and Sons
38,b441f18c-245e-11ee-a984-b05216279b15,Figueroa PLC
39,b4421ca2-245e-11ee-a984-b05216279b15,"Bowman, Shepherd and Dudley"
40,b442391c-245e-11ee-a984-b05216279b15,Clark-Bishop
41,b4425168-245e-11ee-a984-b05216279b15,Hudson LLC
42,b4426928-245e-11ee-a984-b05216279b15,Kerr and Sons
43,b4427a12-245e-11ee-a984-b05216279b15,Hawkins-Fowler
44,b442866a-245e-11ee-a984-b05216279b15,Juarez Group
45,b442929a-245e-11ee-a984-b05216279b15,"Harris, Hernandez and Warner"
46,b442a35c-245e-11ee-a984-b05216279b15,Odom-Johnson
47,b442b1ee-245e-11ee-a984-b05216279b15,Miller-Murray
48,b442c09e-245e-11ee-a984-b05216279b15,GSK
49,b442ce18-245e-11ee-a984-b05216279b15,"Anderson, Gomez and Powers"
50,b442da16-245e-11ee-a984-b05216279b15,Butler-Butler
51,b442e6b4-245e-11ee-a984-b05216279b15,"Torres, Doyle and Wheeler"
52,b442f4f6-245e-11ee-a984-b05216279b15,Boyle PLC
53,b4430400-245e-11ee-a984-b05216279b15,Duke-Black
54,b44313f0-245e-11ee-a984-b05216279b15,Ramos Group
55,b44323f4-245e-11ee-a984-b05216279b15,"Moran, Fisher and Horn"
56,b4433286-245e-11ee-a984-b05216279b15,Anderson-Miller
57,b443429e-245e-11ee-a984-b05216279b15,"Walker, Thompson and Smith"
58,b4435194-245e-11ee-a984-b05216279b15,Molina LLC
59,b4435fae-245e-11ee-a984-b05216279b15,Arnold-Hughes
60,b4436d6e-245e-11ee-a984-b05216279b15,Davis LLC
61,b4437ba6-245e-11ee-a984-b05216279b15,Baker Group
62,b4438fa6-245e-11ee-a984-b05216279b15,Cannon Group
63,b4439d16-245e-11ee-a984-b05216279b15,"Howard, Steele and Wheeler"
64,b443a9fa-245e-11ee-a984-b05216279b15,"Cherry, Reed and Jordan"
65,b443b36e-245e-11ee-a984-b05216279b15,"Davis, Mccarty and Ryan"
66,b443bbe8-245e-11ee-a984-b05216279b15,Lopez-Barnes
67,b443c4b2-245e-11ee-a984-b05216279b15,Takeda
68,b443d04c-245e-11ee-a984-b05216279b15,Dyer-Ho
69,b443de16-245e-11ee-a984-b05216279b15,Waters-Greene
70,b443eaf0-245e-11ee-a984-b05216279b15,Mahoney-Peters
71,b443f61c-245e-11ee-a984-b05216279b15,Campbell-Harris
72,b4440062-245e-11ee-a984-b05216279b15,Li Inc
73,b4440c74-245e-11ee-a984-b05216279b15,"Armstrong, Boyd and Sanchez"
74,b44417aa-245e-11ee-a984-b05216279b15,Kirby-Meyer
75,b4442358-245e-11ee-a984-b05216279b15,Vasquez PLC
76,b4442c86-245e-11ee-a984-b05216279b15,"Pace, Gray and Rodgers"
77,b4443852-245e-11ee-a984-b05216279b15,"Gill, Holmes and Thompson"
78,b44442e8-245e-11ee-a984-b05216279b15,Mora-Gill
79,b4444d38-245e-11ee-a984-b05216279b15,Wright-Vaughan
80,b44457f6-245e-11ee-a984-b05216279b15,"Wright, Buchanan and Olsen"
81,b4446200-245e-11ee-a984-b05216279b15,Robinson and Sons
82,b4446dcc-245e-11ee-a984-b05216279b15,Rodriguez-Collins
83,b4447844-245e-11ee-a984-b05216279b15,West Ltd
84,b44482e4-245e-11ee-a984-b05216279b15,Ellis-Williams
85,b4448f96-245e-11ee-a984-b05216279b15,Santos PLC
86,b4449996-245e-11ee-a984-b05216279b15,"Bailey, Wilson and Smith"
87,b444a300-245e-11ee-a984-b05216279b15,Short-Miller
88,b444ad96-245e-11ee-a984-b05216279b15,Leonard-Ray
89,b444bb7e-245e-11ee-a984-b05216279b15,Cipla
90,b444d924-245e-11ee-a984-b05216279b15,Gomez-Lopez
91,b444f35a-245e-11ee-a984-b05216279b15,"Simpson, Sanchez and Weiss"
92,b4450fac-245e-11ee-a984-b05216279b15,Velazquez and Sons
93,b4452992-245e-11ee-a984-b05216279b15,"Turner, Golden and Underwood"
94,b44532de-245e-11ee-a984-b05216279b15,Anderson-Kennedy
95,b4453bee-245e-11ee-a984-b05216279b15,"Gonzales, Lewis and Nelson"
96,b4454468-245e-11ee-a984-b05216279b15,Hunt-Richard
97,b4454ce2-245e-11ee-a984-b05216279b15,"Marshall, Hurley and Edwards"
98,b445541c-245e-11ee-a984-b05216279b15,Pierce LLC
99,b4455be2-245e-11ee-a984-b05216279b15,Terry Ltd
100,b44563d0-245e-11ee-a984-b05216279b15,Anderson-Gonzalez
101,b4456b78-245e-11ee-a984-b05216279b15,Morgan Group
102,b44572bc-245e-11ee-a984-b05216279b15,Moran-King
103,b4457de8-245e-11ee-a984-b05216279b15,"Smith, Hansen and Cooper"
104,b44585b8-245e-11ee-a984-b05216279b15,"Riley, Peterson and Deleon"
105,b4458f4a-245e-11ee-a984-b05216279b15,"Young, Johns and Coffey"
106,b44597ba-245e-11ee-a984-b05216279b15,"Lawrence, Johnson and Lewis"
107,b445a070-245e-11ee-a984-b05216279b15,"Day, Riddle and Ellison"
108,b445a93a-245e-11ee-a984-b05216279b15,Sun Pharma
109,b445b312-245e-11ee-a984-b05216279b15,"Clark, Garcia and Alexander"
110,b445ba74-245e-11ee-a984-b05216279b15,Ward-Chase
111,b445c1cc-245e-11ee-a984-b05216279b15,Rose LLC
112,b445c974-245e-11ee-a984-b05216279b15,"Weaver, Arroyo and Boone"
113,b445d0c2-245e-11ee-a984-b05216279b15,"Ward, Flores and Edwards"
114,b445d81a-245e-11ee-a984-b05216279b15,"Reilly, James and Short"
115,b445e468-245e-11ee-a984-b05216279b15,Elliott LLC
116,b445ec1a-245e-11ee-a984-b05216279b15,Young and Sons
117,b445f386-245e-11ee-a984-b05216279b15,"Schmidt, Hodges and Cummings"
118,b445fa48-245e-11ee-a984-b05216279b15,"Jones, Mcdonald and Hill"
119,b4460114-245e-11ee-a984-b05216279b15,Lopez-Harris
120,b4460a38-245e-11ee-a984-b05216279b15,Jackson Group
121,b4461f00-245e-11ee-a984-b05216279b15,"Webb, Hall and Valenzuela"
122,b4463bca-245e-11ee-a984-b05216279b15,"Salinas, Adams and Dennis"
123,b44646c4-245e-11ee-a984-b05216279b15,Davis Inc
124,b446531c-245e-11ee-a984-b05216279b15,Webb PLC
125,b44667bc-245e-11ee-a984-b05216279b15,Frazier-Stone
126,b446714e-245e-11ee-a984-b05216279b15,Holland LLC
127,b446770c-245e-11ee-a984-b05216279b15,Daniel LLC
128,b4467a86-245e-11ee-a984-b05216279b15,"Thomas, Freeman and Valentine"
129,b4467dc4-245e-11ee-a984-b05216279b15,"Kelly, Lee and Wilson"
130,b44681a2-245e-11ee-a984-b05216279b15,Rogers Ltd
131,b4468544-245e-11ee-a984-b05216279b15,"Hansen, Roberts and Bennett"
132,b44688e6-245e-11ee-a984-b05216279b15,Perry-Newman
133,b4468dbe-245e-11ee-a984-b05216279b15,Ellis-Brown
134,b4469278-245e-11ee-a984-b05216279b15,"Eaton, Holmes and Walters"
135,b44696ce-245e-11ee-a984-b05216279b15,White-Haynes
136,b4469be2-245e-11ee-a984-b05216279b15,"Robertson, Taylor and Arnold"
137,b446a0d8-245e-11ee-a984-b05216279b15,Smith-Cook
138,b446a650-245e-11ee-a984-b05216279b15,Shaffer-Brown
139,b446acd6-245e-11ee-a984-b05216279b15,"Lee, Ward and Shepard"
140,b446b096-245e-11ee-a984-b05216279b15,Pitts-Rogers
141,b446b69a-245e-11ee-a984-b05216279b15,Hayes Inc
142,b446c37e-245e-11ee-a984-b05216279b15,"Watkins, Scott and Barrett"
143,b446d04e-245e-11ee-a984-b05216279b15,Salinas-Morris
144,b446d6d4-245e-11ee-a984-b05216279b15,Mccall Inc
145,b446dabc-245e-11ee-a984-b05216279b15,Flores Group
146,b446de04-245e-11ee-a984-b05216279b15,"Day, Smith and Wells"
147,b446e124-245e-11ee-a984-b05216279b15,Carter Ltd
148,b446e444-245e-11ee-a984-b05216279b15,Cardenas-Reynolds
149,b446e8a4-245e-11ee-a984-b05216279b15,Steele Inc
150,b446ebf6-245e-11ee-a984-b05216279b15,Hatfield-Wallace
151,b446ef16-245e-11ee-a984-b05216279b15,Chapman and Sons
152,b446f22c-245e-11ee-a984-b05216279b15,"Fletcher, Mendoza and Scott"
153,b446f560-245e-11ee-a984-b05216279b15,"Lindsey, Lopez and Lee"
154,b446f86c-245e-11ee-a984-b05216279b15,Novartis
155,b446fba0-245e-11ee-a984-b05216279b15,Crimson
156,b446feca-245e-11ee-a984-b05216279b15,Garcia Ltd
157,b44701d6-245e-11ee-a984-b05216279b15,"Rodriguez, Parker and Reeves"
158,b44704ec-245e-11ee-a984-b05216279b15,Martin PLC
159,b4470870-245e-11ee-a984-b05216279b15,Tucker and Sons
160,b4470b90-245e-11ee-a984-b05216279b15,"Smith, Bell and Allen"
161,b4470ec4-245e-11ee-a984-b05216279b15,Hatfield-Harrison
162,b44711e4-245e-11ee-a984-b05216279b15,"Grant, Nelson and Nelson"
163,b44714f0-245e-11ee-a984-b05216279b15,Stewart Ltd
164,b4471806-245e-11ee-a984-b05216279b15,Alvarez-Gutierrez
165,b4471b1c-245e-11ee-a984-b05216279b15,Marshall PLC
166,b4471e50-245e-11ee-a984-b05216279b15,Kline-Barker
167,b447215c-245e-11ee-a984-b05216279b15,"Singh, Edwards and Bryant"
168,b4472490-245e-11ee-a984-b05216279b15,BCG
169,b44727b0-245e-11ee-a984-b05216279b15,Kramer-Frye
170,b4472ada-245e-11ee-a984-b05216279b15,Clay and Sons
171,b4472df0-245e-11ee-a984-b05216279b15,Gonzalez LLC
172,b447314c-245e-11ee-a984-b05216279b15,Bailey-Ramos
173,b4473476-245e-11ee-a984-b05216279b15,"Turner, Contreras and Gutierrez"
174,b44737aa-245e-11ee-a984-b05216279b15,Fowler Inc
175,b4473aca-245e-11ee-a984-b05216279b15,Goodwin Inc
176,b4473de0-245e-11ee-a984-b05216279b15,Krueger-Ford
177,b44740f6-245e-11ee-a984-b05216279b15,"Cole, Davidson and Black"
178,b447440c-245e-11ee-a984-b05216279b15,Obrien Ltd
179,b4474722-245e-11ee-a984-b05216279b15,"Ross, Taylor and Rivera"
180,b4474a2e-245e-11ee-a984-b05216279b15,Hodge-Carter
181,b4474d80-245e-11ee-a984-b05216279b15,"Kramer, Scott and Williamson"
182,b44750a0-245e-11ee-a984-b05216279b15,Mcdonald Group
183,b44753ac-245e-11ee-a984-b05216279b15,Ward PLC
184,b44756cc-245e-11ee-a984-b05216279b15,Montoya LLC
185,b4475b7c-245e-11ee-a984-b05216279b15,Valdez-Owens
186,b4475eba-245e-11ee-a984-b05216279b15,Leonard Ltd
187,b4476220-245e-11ee-a984-b05216279b15,Martinez Group
188,b4476540-245e-11ee-a984-b05216279b15,"Gonzalez, Smith and Davis"
189,b4476860-245e-11ee-a984-b05216279b15,"Johnson, Mills and Bates"
190,b4476b6c-245e-11ee-a984-b05216279b15,Barnes-King
191,b4476eaa-245e-11ee-a984-b05216279b15,Reynolds-Eaton
192,b44771d4-245e-11ee-a984-b05216279b15,"Mckee, White and Perry"
193,b447751c-245e-11ee-a984-b05216279b15,Sullivan-Graham
194,b4477832-245e-11ee-a984-b05216279b15,Sutton-Gonzalez
195,b4477b3e-245e-11ee-a984-b05216279b15,"Miller, Sandoval and Johnson"
196,b4477e4a-245e-11ee-a984-b05216279b15,Wood-Smith
197,b4478188-245e-11ee-a984-b05216279b15,"Ward, Owens and Jones"
198,b4478552-245e-11ee-a984-b05216279b15,Lopez-Navarro
199,b447887c-245e-11ee-a984-b05216279b15,Marquez Ltd
200,b4478bba-245e-11ee-a984-b05216279b15,"Mckinney, Berry and Snyder"
201,b4478eee-245e-11ee-a984-b05216279b15,"Morales, King and Smith"
202,b4479222-245e-11ee-a984-b05216279b15,Dickson-Hall
203,b4479542-245e-11ee-a984-b05216279b15,Thompson-Keller
204,b4479858-245e-11ee-a984-b05216279b15,Bowers LLC
205,b4479b64-245e-11ee-a984-b05216279b15,Williams-Rios
206,b4479ea2-245e-11ee-a984-b05216279b15,Conway PLC
207,b447a1e0-245e-11ee-a984-b05216279b15,Mcguire Group
208,b447a582-245e-11ee-a984-b05216279b15,"Morton, Johnson and Beard"
209,b447abc2-245e-11ee-a984-b05216279b15,Lee Ltd
210,b447af78-245e-11ee-a984-b05216279b15,Shelton-Brown
211,b447b2a2-245e-11ee-a984-b05216279b15,"Hunter, Leblanc and Wells"
212,b447b6a8-245e-11ee-a984-b05216279b15,"Mills, Reed and Lowery"
213,b447b9d2-245e-11ee-a984-b05216279b15,"Page, Douglas and Garcia"
214,b447bce8-245e-11ee-a984-b05216279b15,Bond-Cook
215,b447bffe-245e-11ee-a984-b05216279b15,"Crawford, Bautista and Mccormick"
216,b447c314-245e-11ee-a984-b05216279b15,"Walker, Green and Hernandez"
217,b447c62a-245e-11ee-a984-b05216279b15,Gray Ltd
218,b447c940-245e-11ee-a984-b05216279b15,Austin PLC
219,b447cd64-245e-11ee-a984-b05216279b15,Peters-White
220,b447d0ac-245e-11ee-a984-b05216279b15,"Reyes, Franklin and Ayala"
221,b447d598-245e-11ee-a984-b05216279b15,"Vega, Shelton and Graves"
222,b447da66-245e-11ee-a984-b05216279b15,Mcgrath Group
223,b447deb2-245e-11ee-a984-b05216279b15,Marq
224,b447e3d0-245e-11ee-a984-b05216279b15,"Carter, Atkins and Mendoza"
225,b447e83a-245e-11ee-a984-b05216279b15,Norman-Wong
226,b4483b82-245e-11ee-a984-b05216279b15,Rivers Inc
227,b4484654-245e-11ee-a984-b05216279b15,"Reyes, Frazier and Alvarez"
228,b4484e7e-245e-11ee-a984-b05216279b15,Taylor and Sons
229,b44852c0-245e-11ee-a984-b05216279b15,Powell LLC
230,b448564e-245e-11ee-a984-b05216279b15,Miller-Miller
231,b4485996-245e-11ee-a984-b05216279b15,Harris Group
232,b4485c98-245e-11ee-a984-b05216279b15,Page-Roberts
233,b4486094-245e-11ee-a984-b05216279b15,Frims
234,b4486490-245e-11ee-a984-b05216279b15,Espinoza-Williams
235,b44867d8-245e-11ee-a984-b05216279b15,"Jenkins, Adams and Martin"
236,b4486a9e-245e-11ee-a984-b05216279b15,Francis Ltd
237,b4486d50-245e-11ee-a984-b05216279b15,Hutchinson Group
238,b4486ff8-245e-11ee-a984-b05216279b15,"Jackson, Kerr and Hill"
239,b4487336-245e-11ee-a984-b05216279b15,Cannon and Sons
240,b44875de-245e-11ee-a984-b05216279b15,Kennedy LLC
241,b448787c-245e-11ee-a984-b05216279b15,Cruz-Allen
242,b4487b7e-245e-11ee-a984-b05216279b15,Walters-Jackson
243,b4487e30-245e-11ee-a984-b05216279b15,Ross-Collins
244,b44880ce-245e-11ee-a984-b05216279b15,Davidson Inc
245,b448836c-245e-11ee-a984-b05216279b15,Mitchell Group
246,b4488628-245e-11ee-a984-b05216279b15,"Martin, Munoz and Richards"
247,b44888c6-245e-11ee-a984-b05216279b15,Boyd Group
248,b4488b6e-245e-11ee-a984-b05216279b15,Haney PLC
249,b4488ee8-245e-11ee-a984-b05216279b15,"Perez, Harris and Hunt"
250,b4489280-245e-11ee-a984-b05216279b15,"Wilson, Moore and Diaz"
251,b4489546-245e-11ee-a984-b05216279b15,"Bruce, Hernandez and White"
252,b4489852-245e-11ee-a984-b05216279b15,Spears-Berry
253,b4489b18-245e-11ee-a984-b05216279b15,Reeves-Gay
254,b4489e74-245e-11ee-a984-b05216279b15,Phelps and Sons
255,b448a126-245e-11ee-a984-b05216279b15,Miller-Ortega
256,b448a3e2-245e-11ee-a984-b05216279b15,Davis PLC
257,b448a69e-245e-11ee-a984-b05216279b15,Cooper Ltd
258,b448a950-245e-11ee-a984-b05216279b15,Casey Inc
259,b448ac0c-245e-11ee-a984-b05216279b15,Williams and Sons
260,b448aeb4-245e-11ee-a984-b05216279b15,Owens Ltd
261,b448b15c-245e-11ee-a984-b05216279b15,Roach Group
262,b448b404-245e-11ee-a984-b05216279b15,"Gonzalez, Moore and Mack"
263,b448b6ca-245e-11ee-a984-b05216279b15,Mclaughlin PLC
264,b448b972-245e-11ee-a984-b05216279b15,Romero and Sons
265,b448bcba-245e-11ee-a984-b05216279b15,"Aguilar, Harvey and Hall"
266,b448bf8a-245e-11ee-a984-b05216279b15,Lester-Suarez
267,b448c228-245e-11ee-a984-b05216279b15,"Montes, Mack and Herrera"
268,b448c4c6-245e-11ee-a984-b05216279b15,Rodriguez Ltd
269,b448c782-245e-11ee-a984-b05216279b15,Logan Inc
270,b448ca20-245e-11ee-a984-b05216279b15,Madden-Malone
271,b448ccd2-245e-11ee-a984-b05216279b15,Byrd-Wallace
272,b448cf70-245e-11ee-a984-b05216279b15,"Ellis, Richards and Paul"
273,b448d484-245e-11ee-a984-b05216279b15,Lee-Brown
274,b448d772-245e-11ee-a984-b05216279b15,Evans-Franklin
275,b448da24-245e-11ee-a984-b05216279b15,Rodriguez-Valencia
276,b448dcd6-245e-11ee-a984-b05216279b15,Zamora-Brown
277,b448df7e-245e-11ee-a984-b05216279b15,"Whitney, Garcia and Barker"
278,b448e226-245e-11ee-a984-b05216279b15,"Smith, Malone and Fry"
279,b448e4e2-245e-11ee-a984-b05216279b15,Johnson Ltd
280,b448e79e-245e-11ee-a984-b05216279b15,Jones LLC
281,b448ea3c-245e-11ee-a984-b05216279b15,"Reyes, Garcia and Thomas"
282,b448ecda-245e-11ee-a984-b05216279b15,"Flores, Ware and Morrow"
283,b448ef82-245e-11ee-a984-b05216279b15,Alvarado-Cook
284,b448f248-245e-11ee-a984-b05216279b15,Freeman Group
285,b448f4fa-245e-11ee-a984-b05216279b15,KCG
286,b448f7ac-245e-11ee-a984-b05216279b15,Flowers-Price
287,b448fa54-245e-11ee-a984-b05216279b15,Neal-Leon
288,b448fce8-245e-11ee-a984-b05216279b15,"Colon, Henry and Williams"
289,b448ff86-245e-11ee-a984-b05216279b15,Lee Inc
290,b4490346-245e-11ee-a984-b05216279b15,Butler PLC
291,b449088c-245e-11ee-a984-b05216279b15,"Smith, Lopez and Dickerson"
292,b4490bd4-245e-11ee-a984-b05216279b15,"Preston, Hicks and Holmes"
293,b4490e9a-245e-11ee-a984-b05216279b15,Perkins LLC
294,b4491142-245e-11ee-a984-b05216279b15,Andrews-Waters
295,b4491426-245e-11ee-a984-b05216279b15,Moss Inc
296,b44916d8-245e-11ee-a984-b05216279b15,Deleon-Johnson
297,b4491994-245e-11ee-a984-b05216279b15,Martinez PLC
298,b4491c3c-245e-11ee-a984-b05216279b15,"Lee, Perry and Mcdonald"
299,b4491eee-245e-11ee-a984-b05216279b15,Barnes-Chavez
300,b4492196-245e-11ee-a984-b05216279b15,Hampton PLC
301,b4492448-245e-11ee-a984-b05216279b15,Williams-White
302,b44926e6-245e-11ee-a984-b05216279b15,Robinson-Thomas
303,b449298e-245e-11ee-a984-b05216279b15,Bray-Jenkins
304,b4492c9a-245e-11ee-a984-b05216279b15,Cross-Haas
305,b4492f06-245e-11ee-a984-b05216279b15,"Kelley, Harper and Strong"
306,b4493154-245e-11ee-a984-b05216279b15,Francis Inc
307,b44933b6-245e-11ee-a984-b05216279b15,Rodriguez Inc
308,b4493604-245e-11ee-a984-b05216279b15,Howard Inc
309,b4493870-245e-11ee-a984-b05216279b15,Hayes and Sons
310,b4493ac8-245e-11ee-a984-b05216279b15,"Allen, Jones and Krueger"
311,b4493d16-245e-11ee-a984-b05216279b15,"Hernandez, Schneider and Davis"
312,b4493f78-245e-11ee-a984-b05216279b15,Bush-Gibbs
313,b44941d0-245e-11ee-a984-b05216279b15,Parker LLC
314,b4494414-245e-11ee-a984-b05216279b15,"Williams, Leon and Hawkins"
315,b4494658-245e-11ee-a984-b05216279b15,Astra
316,b4494a54-245e-11ee-a984-b05216279b15,"Stanley, Walker and Sims"
317,b4494cd4-245e-11ee-a984-b05216279b15,Mosley LLC
318,b4494f2c-245e-11ee-a984-b05216279b15,Conner PLC
319,b449517a-245e-11ee-a984-b05216279b15,Alexander and Sons
320,b44953be-245e-11ee-a984-b05216279b15,Oneal Ltd
321,b449562a-245e-11ee-a984-b05216279b15,"Martinez, Bell and Aguilar"
322,b449595e-245e-11ee-a984-b05216279b15,Ward-Sharp
323,b4495bca-245e-11ee-a984-b05216279b15,"Bennett, Brock and Reyes"
324,b4495e18-245e-11ee-a984-b05216279b15,Elliott and Sons
325,b4496070-245e-11ee-a984-b05216279b15,Webb-Hamilton
326,b44962be-245e-11ee-a984-b05216279b15,Bush-Pierce
327,b44965ac-245e-11ee-a984-b05216279b15,"Thompson, Walls and Carrillo"
328,b449680e-245e-11ee-a984-b05216279b15,Blake Ltd
329,b4496a5c-245e-11ee-a984-b05216279b15,Dominguez LLC
330,b4496cc8-245e-11ee-a984-b05216279b15,Arnold LLC
331,b4496f16-245e-11ee-a984-b05216279b15,Stanton-Cunningham
332,b449716e-245e-11ee-a984-b05216279b15,Jones-Valencia
333,b44973bc-245e-11ee-a984-b05216279b15,"Hanna, Davis and Reeves"
334,b4497600-245e-11ee-a984-b05216279b15,Gomez and Sons
335,b4497858-245e-11ee-a984-b05216279b15,Harmon-Johnson
336,b4497aa6-245e-11ee-a984-b05216279b15,Cummings PLC
337,b4497d12-245e-11ee-a984-b05216279b15,Miller LLC
338,b4497f74-245e-11ee-a984-b05216279b15,"Cruz, Hays and Thompson"
339,b44981c2-245e-11ee-a984-b05216279b15,"Nelson, Fields and Nichols"
340,b449841a-245e-11ee-a984-b05216279b15,Goodwin-Poole
341,b4498672-245e-11ee-a984-b05216279b15,Nelson-Jones
342,b44988d4-245e-11ee-a984-b05216279b15,Contreras Inc
343,b4498b22-245e-11ee-a984-b05216279b15,"Davis, Padilla and Moore"
344,b4498d70-245e-11ee-a984-b05216279b15,Wood Inc
345,b4498fbe-245e-11ee-a984-b05216279b15,Payne PLC
346,b4499216-245e-11ee-a984-b05216279b15,Hampton-Kelly
347,b449945a-245e-11ee-a984-b05216279b15,Lamb Inc
348,b44996c6-245e-11ee-a984-b05216279b15,Kim-Jimenez
349,b4499914-245e-11ee-a984-b05216279b15,Butler-Andrade
350,b4499b62-245e-11ee-a984-b05216279b15,Franklin and Sons
351,b4499db0-245e-11ee-a984-b05216279b15,Hines Ltd
352,b4499ffe-245e-11ee-a984-b05216279b15,Bolton-Harding
353,b449a256-245e-11ee-a984-b05216279b15,Ray Ltd
354,b449a4d6-245e-11ee-a984-b05216279b15,Murphy and Sons
355,b449a724-245e-11ee-a984-b05216279b15,Ruiz-Mitchell
356,b449a972-245e-11ee-a984-b05216279b15,Scott-Horton
357,b449acf6-245e-11ee-a984-b05216279b15,Adams Group
358,b449af58-245e-11ee-a984-b05216279b15,Simon and Sons
359,b449b1c4-245e-11ee-a984-b05216279b15,Santiago LLC
360,b449b41c-245e-11ee-a984-b05216279b15,"Brewer, Wyatt and Davenport"
361,b449b700-245e-11ee-a984-b05216279b15,Zimmerman-Ward
362,b449b958-245e-11ee-a984-b05216279b15,"Mason, Gates and Contreras"
363,b449bba6-245e-11ee-a984-b05216279b15,Carter Group
364,b449be12-245e-11ee-a984-b05216279b15,"Stuart, Wilson and Walker"
365,b449c060-245e-11ee-a984-b05216279b15,Long-Mcguire
366,b449c2ae-245e-11ee-a984-b05216279b15,Wilson Inc
367,b449c4f2-245e-11ee-a984-b05216279b15,Moore-Hernandez
368,b449c736-245e-11ee-a984-b05216279b15,Santos-Williams
369,b449c9a2-245e-11ee-a984-b05216279b15,Johnson and Sons
370,b449cc04-245e-11ee-a984-b05216279b15,Russell Ltd
371,b449ce52-245e-11ee-a984-b05216279b15,"Reynolds, Lopez and Bullock"
372,b449d0a0-245e-11ee-a984-b05216279b15,Perry-Davis
373,b449d2e4-245e-11ee-a984-b05216279b15,Johnson-Miles
374,b449d528-245e-11ee-a984-b05216279b15,Miller Ltd
375,b449d776-245e-11ee-a984-b05216279b15,"Jackson, Cruz and James"
376,b449d9c4-245e-11ee-a984-b05216279b15,Williamson-Hamilton
377,b449dc08-245e-11ee-a984-b05216279b15,"Chavez, Murphy and Monroe"
378,b449de4c-245e-11ee-a984-b05216279b15,Stein and Sons
379,b449e090-245e-11ee-a984-b05216279b15,Blanchard-Miller
380,b449e37e-245e-11ee-a984-b05216279b15,"Warner, Winters and Morgan"
381,b449e5cc-245e-11ee-a984-b05216279b15,Massey-Coleman
382,b449e81a-245e-11ee-a984-b05216279b15,Fields-Poole
383,b449ea68-245e-11ee-a984-b05216279b15,"Cook, Nelson and Moore"
384,b449ecac-245e-11ee-a984-b05216279b15,Fisher-Lewis
385,b449ef22-245e-11ee-a984-b05216279b15,Ross Ltd
386,b449f18e-245e-11ee-a984-b05216279b15,Wright-Tran
387,b449f454-245e-11ee-a984-b05216279b15,Armstrong-Davis
388,b449f6c0-245e-11ee-a984-b05216279b15,Jordan-Lee
389,b449f918-245e-11ee-a984-b05216279b15,"Ortiz, Glass and Wolfe"
390,b449fb7a-245e-11ee-a984-b05216279b15,"Morris, Sawyer and Chandler"
391,b449fdd2-245e-11ee-a984-b05216279b15,Schneider Inc
392,b44a002a-245e-11ee-a984-b05216279b15,Greer and Sons
393,b44a0278-245e-11ee-a984-b05216279b15,"Allen, Palmer and Wise"
394,b44a04ee-245e-11ee-a984-b05216279b15,Nelson-Gray
395,b44a073c-245e-11ee-a984-b05216279b15,Wall Inc
396,b44a098a-245e-11ee-a984-b05216279b15,Stanley Group
397,b44a0bd8-245e-11ee-a984-b05216279b15,Lamb Group
398,b44a0f48-245e-11ee-a984-b05216279b15,"Bennett, Allen and Beard"
399,b44a11aa-245e-11ee-a984-b05216279b15,"Wright, Nelson and Adams"
400,b44a1402-245e-11ee-a984-b05216279b15,"Young, Jones and Taylor"
401,b44a16aa-245e-11ee-a984-b05216279b15,"Benton, Rodriguez and Jarvis"
402,b44a1902-245e-11ee-a984-b05216279b15,Nicholson-Bennett
403,b44a1b50-245e-11ee-a984-b05216279b15,"West, Barnett and Walters"
404,b44a1e20-245e-11ee-a984-b05216279b15,"Rodriguez, Davis and Griffith"
405,b44a206e-245e-11ee-a984-b05216279b15,Edwards PLC
406,b44a22da-245e-11ee-a984-b05216279b15,Bailey LLC
407,b44a251e-245e-11ee-a984-b05216279b15,Schmidt and Sons
408,b44a2762-245e-11ee-a984-b05216279b15,"Haynes, Goodman and Clark"
409,b44a29ba-245e-11ee-a984-b05216279b15,"Guzman, Choi and Harris"
410,b44a2bfe-245e-11ee-a984-b05216279b15,Peterson LLC
411,b44a2e42-245e-11ee-a984-b05216279b15,Krause LLC
412,b44a30a4-245e-11ee-a984-b05216279b15,Mosley-Noble
413,b44a32fc-245e-11ee-a984-b05216279b15,Phelps Inc
414,b44a3540-245e-11ee-a984-b05216279b15,Knapp and Sons
415,b44a3784-245e-11ee-a984-b05216279b15,Castro Ltd
416,b44a39d2-245e-11ee-a984-b05216279b15,"Hodges, Fisher and Rich"
417,b44a3c16-245e-11ee-a984-b05216279b15,"Davis, Zimmerman and Nguyen"
418,b44a3e64-245e-11ee-a984-b05216279b15,"Wallace, Young and Wilson"
419,b44a40b2-245e-11ee-a984-b05216279b15,Long PLC
420,b44a430a-245e-11ee-a984-b05216279b15,Young-Dennis
421,b44a4558-245e-11ee-a984-b05216279b15,Thomas-Poole
422,b44a483c-245e-11ee-a984-b05216279b15,"Allen, Williams and Miller"
423,b44a4a94-245e-11ee-a984-b05216279b15,Sweeney-Ewing
424,b44a4cec-245e-11ee-a984-b05216279b15,"Lopez, Heath and Williams"
425,b44a4f44-245e-11ee-a984-b05216279b15,Reynolds-Cortez
426,b44a519c-245e-11ee-a984-b05216279b15,Reynolds-Smith
427,b44a53fe-245e-11ee-a984-b05216279b15,"Shepherd, Woodard and Brewer"
428,b44a564c-245e-11ee-a984-b05216279b15,Riley-Thomas
429,b44a5912-245e-11ee-a984-b05216279b15,"Mendoza, Dominguez and Salazar"
430,b44a5b74-245e-11ee-a984-b05216279b15,"Gay, Welch and Schwartz"
431,b44a5dcc-245e-11ee-a984-b05216279b15,"Hicks, Sanchez and Martin"
432,b44a6132-245e-11ee-a984-b05216279b15,"Miller, Stokes and Manning"
433,b44a652e-245e-11ee-a984-b05216279b15,Palmer-Sanchez
434,b44a67ae-245e-11ee-a984-b05216279b15,"Young, Allen and Stevenson"
435,b44a6a06-245e-11ee-a984-b05216279b15,Roberts-Le
436,b44a6c72-245e-11ee-a984-b05216279b15,Lang LLC
437,b44a6ec0-245e-11ee-a984-b05216279b15,Newman PLC
438,b44a710e-245e-11ee-a984-b05216279b15,Stanley-Lee
439,b44a750a-245e-11ee-a984-b05216279b15,Walker PLC
440,b44a7762-245e-11ee-a984-b05216279b15,"Irwin, Weber and Clark"
441,b44a79b0-245e-11ee-a984-b05216279b15,Nelson Inc
442,b44a7c12-245e-11ee-a984-b05216279b15,Fischer-Rogers
443,b44a7e56-245e-11ee-a984-b05216279b15,"Smith, Schmidt and Sutton"
444,b44a80b8-245e-11ee-a984-b05216279b15,Fox-Young
445,b44a8306-245e-11ee-a984-b05216279b15,Bean and Sons
446,b44a8540-245e-11ee-a984-b05216279b15,"Barnes, Torres and Snyder"
447,b44a8784-245e-11ee-a984-b05216279b15,Roberts-Thornton
448,b44a89e6-245e-11ee-a984-b05216279b15,Preston LLC
449,b44a8c48-245e-11ee-a984-b05216279b15,"Mcneil, Carson and Snyder"
450,b44a8e96-245e-11ee-a984-b05216279b15,Huynh Inc
451,b44a91a2-245e-11ee-a984-b05216279b15,Scott LLC
452,b44a940e-245e-11ee-a984-b05216279b15,Valdez LLC
453,b44a965c-245e-11ee-a984-b05216279b15,"Smith, Wright and Hicks"
454,b44a98d2-245e-11ee-a984-b05216279b15,"Rice, Wiley and Anderson"
455,b44a9b3e-245e-11ee-a984-b05216279b15,"Walker, Kelly and Cole"
456,b44a9d96-245e-11ee-a984-b05216279b15,Williams Inc
457,b44aa070-245e-11ee-a984-b05216279b15,Wilson LLC
458,b44aa2c8-245e-11ee-a984-b05216279b15,"Gray, Martinez and Carter"
459,b44aa516-245e-11ee-a984-b05216279b15,"Morgan, Church and Hammond"
460,b44aa75a-245e-11ee-a984-b05216279b15,"Guerra, Kelley and Wright"
461,b44aa9bc-245e-11ee-a984-b05216279b15,Moore-Cobb
462,b44aac0a-245e-11ee-a984-b05216279b15,Bates-Kent
463,b44aae4e-245e-11ee-a984-b05216279b15,Short-Dawson
464,b44ab09c-245e-11ee-a984-b05216279b15,"Gonzales, Sanders and Francis"
465,b44ab2fe-245e-11ee-a984-b05216279b15,"Juarez, Ewing and Knox"
466,b44ab54c-245e-11ee-a984-b05216279b15,Phillips LLC
467,b44ab79a-245e-11ee-a984-b05216279b15,Chavez PLC
468,b44ab9fc-245e-11ee-a984-b05216279b15,Harrington-Christian
469,b44abc40-245e-11ee-a984-b05216279b15,Hurley Inc
470,b44abeac-245e-11ee-a984-b05216279b15,Rivera-Greene
471,b44ac0fa-245e-11ee-a984-b05216279b15,Johnson-Peck
472,b44ac348-245e-11ee-a984-b05216279b15,"Hernandez, Hall and Sanchez"
473,b44ac582-245e-11ee-a984-b05216279b15,"Jones, Young and Hall"
474,b44ac7e4-245e-11ee-a984-b05216279b15,Potts-Molina
475,b44aca46-245e-11ee-a984-b05216279b15,Woods and Sons
476,b44acc94-245e-11ee-a984-b05216279b15,"Lawrence, Moore and Randall"
477,b44aced8-245e-11ee-a984-b05216279b15,Hatfield-Powers
478,b44ad11c-245e-11ee-a984-b05216279b15,"Silva, Yang and Bowman"
479,b44ad360-245e-11ee-a984-b05216279b15,Crosby Group
480,b44ad748-245e-11ee-a984-b05216279b15,Johnson Group
481,b44ad9be-245e-11ee-a984-b05216279b15,Henry-Ingram
482,b44adc0c-245e-11ee-a984-b05216279b15,"Holder, Larsen and Scott"
483,b44ade50-245e-11ee-a984-b05216279b15,"Jones, Mccoy and Brown"
484,b44ae09e-245e-11ee-a984-b05216279b15,Campbell Group
485,b44ae2d8-245e-11ee-a984-b05216279b15,Williams Group
486,b44ae53a-245e-11ee-a984-b05216279b15,Mclaughlin LLC
487,b44ae79c-245e-11ee-a984-b05216279b15,"Skinner, Barton and Hines"
488,b44ae9ea-245e-11ee-a984-b05216279b15,"Thomas, Fisher and Norman"
489,b44aec2e-245e-11ee-a984-b05216279b15,Saunders-Lara
490,b44aee72-245e-11ee-a984-b05216279b15,Garcia LLC
491,b44af0d4-245e-11ee-a984-b05216279b15,Rogers Inc
492,b44af318-245e-11ee-a984-b05216279b15,Harris LLC
493,b44af57a-245e-11ee-a984-b05216279b15,Roberts and Sons
494,b44af7c8-245e-11ee-a984-b05216279b15,"Peterson, Martinez and King"
495,b44afa0c-245e-11ee-a984-b05216279b15,"Sullivan, Marquez and Carter"
496,b44afc5a-245e-11ee-a984-b05216279b15,"Villanueva, Shannon and Rodriguez"
497,b44afed0-245e-11ee-a984-b05216279b15,Miller PLC
498,b44b0114-245e-11ee-a984-b05216279b15,Carter and Sons
499,b44b0376-245e-11ee-a984-b05216279b15,"Hartman, Stephens and Smith"
